<?xml version="1.0" encoding="UTF-8"?>

<Lessons>

    <Lesson>
        <lesson_name>LANGUAGE</lesson_name>
        <lesson_id>A100</lesson_id>
        <lesson_classs>A</lesson_classs>
        <hourspweek>3</hourspweek>
    </Lesson>
    <Lesson>
        <lesson_name>LANGUAGE</lesson_name>
        <lesson_id>B100</lesson_id>
        <lesson_classs>B</lesson_classs>
        <hourspweek>2</hourspweek>
    </Lesson>
    <Lesson>
        <lesson_name>LANGUAGE</lesson_name>
        <lesson_id>C100</lesson_id>
        <lesson_classs>C</lesson_classs>
        <hourspweek>2</hourspweek>
    </Lesson>
    <Lesson>
        <lesson_name>LITERATURE</lesson_name>
        <lesson_id>A101</lesson_id>
        <lesson_classs>A</lesson_classs>
        <hourspweek>2</hourspweek>
    </Lesson>
    <Lesson>
        <lesson_name>LITERATURE</lesson_name>
        <lesson_id>B101</lesson_id>
        <lesson_classs>B</lesson_classs>
        <hourspweek>2</hourspweek>
    </Lesson>
    <Lesson>
        <lesson_name>LITERATURE</lesson_name>
        <lesson_id>C101</lesson_id>
        <lesson_classs>C</lesson_classs>
        <hourspweek>2</hourspweek>
    </Lesson>
    <Lesson>
        <lesson_name>ANCIENT_GREEK_LANGUAGE</lesson_name>
        <lesson_id>A102</lesson_id>
        <lesson_classs>A</lesson_classs>
        <hourspweek>2</hourspweek>
    </Lesson>
    <Lesson>
        <lesson_name>ANCIENT_GREEK_LANGUAGE</lesson_name>
        <lesson_id>B102</lesson_id>
        <lesson_classs>B</lesson_classs>
        <hourspweek>2</hourspweek>
    </Lesson>
    <Lesson>
        <lesson_name>ANCIENT_GREEK_LANGUAGE</lesson_name>
        <lesson_id>C102</lesson_id>
        <lesson_classs>C</lesson_classs>
        <hourspweek>2</hourspweek>
    </Lesson>
    <Lesson>
        <lesson_name>ANCIENT_GREEK_TEXTS</lesson_name>
        <lesson_id>A103</lesson_id>
        <lesson_classs>A</lesson_classs>
        <hourspweek>2</hourspweek>
    </Lesson>
    <Lesson>
        <lesson_name>ANCIENT_GREEK_TEXTS</lesson_name>
        <lesson_id>B103</lesson_id>
        <lesson_classs>B</lesson_classs>
        <hourspweek>2</hourspweek>
    </Lesson>
    <Lesson>
        <lesson_name>ANCIENT_GREEK_TEXTS</lesson_name>
        <lesson_id>C103</lesson_id>
        <lesson_classs>C</lesson_classs>
        <hourspweek>2</hourspweek>
    </Lesson>
    <Lesson>
        <lesson_name>MATHEMATICS</lesson_name>
        <lesson_id>A104</lesson_id>
        <lesson_classs>A</lesson_classs>
        <hourspweek>4</hourspweek>
    </Lesson>
    <Lesson>
        <lesson_name>MATHEMATICS</lesson_name>
        <lesson_id>B104</lesson_id>
        <lesson_classs>B</lesson_classs>
        <hourspweek>4</hourspweek>
    </Lesson>
    <Lesson>
        <lesson_name>MATHEMATICS</lesson_name>
        <lesson_id>C104</lesson_id>
        <lesson_classs>C</lesson_classs>
        <hourspweek>4</hourspweek>
    </Lesson>
    <Lesson>
        <lesson_name>PHYSICS</lesson_name>
        <lesson_id>A105</lesson_id>
        <lesson_classs>A</lesson_classs>
        <hourspweek>1</hourspweek>
    </Lesson>
    <Lesson>
        <lesson_name>PHYSICS</lesson_name>
        <lesson_id>B105</lesson_id>
        <lesson_classs>B</lesson_classs>
        <hourspweek>2</hourspweek>
    </Lesson>
    <Lesson>
        <lesson_name>PHYSICS</lesson_name>
        <lesson_id>C105</lesson_id>
        <lesson_classs>C</lesson_classs>
        <hourspweek>2</hourspweek>
    </Lesson>
    <Lesson>
        <lesson_name>CHEMISTRY</lesson_name>
        <lesson_id>B106</lesson_id>
        <lesson_classs>B</lesson_classs>
        <hourspweek>1</hourspweek>
    </Lesson>
    <Lesson>
        <lesson_name>CHEMISTRY</lesson_name>
        <lesson_id>C106</lesson_id>
        <lesson_classs>C</lesson_classs>
        <hourspweek>1</hourspweek>
    </Lesson>
    <Lesson>
        <lesson_name>BIOLOGY</lesson_name>
        <lesson_id>A107</lesson_id>
        <lesson_classs>A</lesson_classs>
        <hourspweek>1</hourspweek>
    </Lesson>
    <Lesson>
        <lesson_name>BIOLOGY</lesson_name>
        <lesson_id>B107</lesson_id>
        <lesson_classs>B</lesson_classs>
        <hourspweek>1</hourspweek>
    </Lesson>
    <Lesson>
        <lesson_name>BIOLOGY</lesson_name>
        <lesson_id>C107</lesson_id>
        <lesson_classs>C</lesson_classs>
        <hourspweek>1</hourspweek>
    </Lesson>
    <Lesson>
        <lesson_name>GEOGRAPHY</lesson_name>
        <lesson_id>A108</lesson_id>
        <lesson_classs>A</lesson_classs>
        <hourspweek>1</hourspweek>
    </Lesson>
    <Lesson>
        <lesson_name>GEOGRAPHY</lesson_name>
        <lesson_id>B108</lesson_id>
        <lesson_classs>B</lesson_classs>
        <hourspweek>2</hourspweek>
    </Lesson>
    <Lesson>
        <lesson_name>HOUSEHOLD_ECONOMY</lesson_name>
        <lesson_id>A109</lesson_id>
        <lesson_classs>A</lesson_classs>
        <hourspweek>2</hourspweek>
    </Lesson>
    <Lesson>
        <lesson_name>HISTORY</lesson_name>
        <lesson_id>A110</lesson_id>
        <lesson_classs>A</lesson_classs>
        <hourspweek>2</hourspweek>
    </Lesson>
    <Lesson>
        <lesson_name>HISTORY</lesson_name>
        <lesson_id>B110</lesson_id>
        <lesson_classs>B</lesson_classs>
        <hourspweek>2</hourspweek>
    </Lesson>
    <Lesson>
        <lesson_name>HISTORY</lesson_name>
        <lesson_id>C110</lesson_id>
        <lesson_classs>C</lesson_classs>
        <hourspweek>2</hourspweek>
    </Lesson>
    <Lesson>
        <lesson_name>SOCIAL_ED</lesson_name>
        <lesson_id>C111</lesson_id>
        <lesson_classs>C</lesson_classs>
        <hourspweek>2</hourspweek>
    </Lesson>
    <Lesson>
        <lesson_name>RELIGIONS_EDUCATION</lesson_name>
        <lesson_id>A112</lesson_id>
        <lesson_classs>A</lesson_classs>
        <hourspweek>2</hourspweek>
    </Lesson>
    <Lesson>
        <lesson_name>RELIGIONS_EDUCATION</lesson_name>
        <lesson_id>B112</lesson_id>
        <lesson_classs>B</lesson_classs>
        <hourspweek>2</hourspweek>
    </Lesson>
    <Lesson>
        <lesson_name>RELIGIONS_EDUCATION</lesson_name>
        <lesson_id>C112</lesson_id>
        <lesson_classs>C</lesson_classs>
        <hourspweek>2</hourspweek>
    </Lesson>
    <Lesson>
        <lesson_name>ENGLISH</lesson_name>
        <lesson_id>A113</lesson_id>
        <lesson_classs>A</lesson_classs>
        <hourspweek>2</hourspweek>
    </Lesson>
    <Lesson>
        <lesson_name>ENGLISH</lesson_name>
        <lesson_id>B113</lesson_id>
        <lesson_classs>B</lesson_classs>
        <hourspweek>2</hourspweek>
    </Lesson>
    <Lesson>
        <lesson_name>ENGLISH</lesson_name>
        <lesson_id>C113</lesson_id>
        <lesson_classs>C</lesson_classs>
        <hourspweek>2</hourspweek>
    </Lesson>
    <Lesson>
        <lesson_name>FRENCH</lesson_name>
        <lesson_id>A114</lesson_id>
        <lesson_classs>A</lesson_classs>
        <hourspweek>2</hourspweek>
    </Lesson>
    <Lesson>
        <lesson_name>FRENCH</lesson_name>
        <lesson_id>B114</lesson_id>
        <lesson_classs>B</lesson_classs>
        <hourspweek>2</hourspweek>
    </Lesson>
    <Lesson>
        <lesson_name>FRENCH</lesson_name>
        <lesson_id>C114</lesson_id>
        <lesson_classs>C</lesson_classs>
        <hourspweek>2</hourspweek>
    </Lesson>
    <Lesson>
        <lesson_name>PHYSICAL_EDUCATION</lesson_name>
        <lesson_id>A115</lesson_id>
        <lesson_classs>A</lesson_classs>
        <hourspweek>2</hourspweek>
    </Lesson>
    <Lesson>
        <lesson_name>PHYSICAL_EDUCATION</lesson_name>
        <lesson_id>B115</lesson_id>
        <lesson_classs>B</lesson_classs>
        <hourspweek>2</hourspweek>
    </Lesson>
    <Lesson>
        <lesson_name>PHYSICAL_EDUCATION</lesson_name>
        <lesson_id>C115</lesson_id>
        <lesson_classs>C</lesson_classs>
        <hourspweek>2</hourspweek>
    </Lesson>
    <Lesson>
        <lesson_name>TECHNOLOGY</lesson_name>
        <lesson_id>A116</lesson_id>
        <lesson_classs>A</lesson_classs>
        <hourspweek>1</hourspweek>
    </Lesson>
    <Lesson>
        <lesson_name>TECHNOLOGY</lesson_name>
        <lesson_id>B116</lesson_id>
        <lesson_classs>B</lesson_classs>
        <hourspweek>1</hourspweek>
    </Lesson>
    <Lesson>
        <lesson_name>TECHNOLOGY</lesson_name>
        <lesson_id>C116</lesson_id>
        <lesson_classs>C</lesson_classs>
        <hourspweek>1</hourspweek>
    </Lesson>
    <Lesson>
        <lesson_name>ORMATICS</lesson_name>
        <lesson_id>A117</lesson_id>
        <lesson_classs>A</lesson_classs>
        <hourspweek>1</hourspweek>
    </Lesson>
    <Lesson>
        <lesson_name>ORMATICS</lesson_name>
        <lesson_id>B117</lesson_id>
        <lesson_classs>B</lesson_classs>
        <hourspweek>1</hourspweek>
    </Lesson>
    <Lesson>
        <lesson_name>ORMATICS</lesson_name>
        <lesson_id>C117</lesson_id>
        <lesson_classs>C</lesson_classs>
        <hourspweek>1</hourspweek>
    </Lesson>
    <Lesson>
        <lesson_name>MUSIC</lesson_name>
        <lesson_id>A118</lesson_id>
        <lesson_classs>A</lesson_classs>
        <hourspweek>1</hourspweek>
    </Lesson>
    <Lesson>
        <lesson_name>MUSIC</lesson_name>
        <lesson_id>B118</lesson_id>
        <lesson_classs>B</lesson_classs>
        <hourspweek>1</hourspweek>
    </Lesson>
    <Lesson>
        <lesson_name>MUSIC</lesson_name>
        <lesson_id>C118</lesson_id>
        <lesson_classs>C</lesson_classs>
        <hourspweek>1</hourspweek>
    </Lesson>
    <Lesson>
        <lesson_name>ARTISTICALLY</lesson_name>
        <lesson_id>A119</lesson_id>
        <lesson_classs>A</lesson_classs>
        <hourspweek>1</hourspweek>
    </Lesson>
    <Lesson>
        <lesson_name>ARTISTICALLY</lesson_name>
        <lesson_id>B119</lesson_id>
        <lesson_classs>B</lesson_classs>
        <hourspweek>1</hourspweek>
    </Lesson>
    <Lesson>
        <lesson_name>ARTISTICALLY</lesson_name>
        <lesson_id>C119</lesson_id>
        <lesson_classs>C</lesson_classs>
        <hourspweek>1</hourspweek>
    </Lesson>

</Lessons>
