<?xml version="1.0" encoding="UTF-8"?>

<Teachers>

    <Teacher>
        <name>TEACHER_LAN_LIT0</name>
        <id>T100</id>
        <lesson_id>A100</lesson_id>
        <lesson_id>B100</lesson_id>
        <lesson_id>C100</lesson_id>
        <lesson_id>A101</lesson_id>
        <lesson_id>B101</lesson_id>
        <lesson_id>C101</lesson_id>
        <max_daily_hours>5</max_daily_hours>
        <max_per_week_hours>23</max_per_week_hours>
    </Teacher>
    <Teacher>
        <name>TEACHER_LAN_LIT1</name>
        <id>T101</id>
        <lesson_id>A100</lesson_id>
        <lesson_id>B100</lesson_id>
        <lesson_id>C100</lesson_id>
        <lesson_id>A101</lesson_id>
        <lesson_id>B101</lesson_id>
        <lesson_id>C101</lesson_id>
        <max_daily_hours>5</max_daily_hours>
        <max_per_week_hours>22</max_per_week_hours>
    </Teacher>
    <Teacher>
        <name>TEACHER_ANCLAN_ANCTEXT2</name>
        <id>T102</id>
        <lesson_id>A102</lesson_id>
        <lesson_id>B102</lesson_id>
        <lesson_id>C102</lesson_id>
        <lesson_id>A103</lesson_id>
        <lesson_id>B103</lesson_id>
        <lesson_id>C103</lesson_id>
        <max_daily_hours>5</max_daily_hours>
        <max_per_week_hours>18</max_per_week_hours>
    </Teacher>
    <Teacher>
        <name>TEACHER_ANCLAN_ANCTEXT3</name>
        <id>T103</id>
        <lesson_id>A102</lesson_id>
        <lesson_id>B102</lesson_id>
        <lesson_id>C102</lesson_id>
        <lesson_id>A103</lesson_id>
        <lesson_id>B103</lesson_id>
        <lesson_id>C103</lesson_id>
        <max_daily_hours>5</max_daily_hours>
        <max_per_week_hours>18</max_per_week_hours>
    </Teacher>
    <Teacher>
        <name>TEACHER_MATH_GEO4</name>
        <id>T104</id>
        <lesson_id>A104</lesson_id>
        <lesson_id>B104</lesson_id>
        <lesson_id>C104</lesson_id>
        <lesson_id>A108</lesson_id>
        <lesson_id>B108</lesson_id>
        <max_daily_hours>5</max_daily_hours>
        <max_per_week_hours>23</max_per_week_hours>
    </Teacher>
    <Teacher>
        <name>TEACHER_MATH_GEO5</name>
        <id>T105</id>
        <lesson_id>A104</lesson_id>
        <lesson_id>B104</lesson_id>
        <lesson_id>C104</lesson_id>
        <lesson_id>A108</lesson_id>
        <lesson_id>B108</lesson_id>
        <max_daily_hours>5</max_daily_hours>
        <max_per_week_hours>22</max_per_week_hours>
    </Teacher>
    <Teacher>
        <name>TEACHER_MATH_GEO6</name>
        <id>T106</id>
        <lesson_id>A104</lesson_id>
        <lesson_id>B104</lesson_id>
        <lesson_id>C104</lesson_id>
        <lesson_id>A108</lesson_id>
        <lesson_id>B108</lesson_id>
        <max_daily_hours>5</max_daily_hours>
        <max_per_week_hours>22</max_per_week_hours>
    </Teacher>
    <Teacher>
        <name>TEACHER_PHY6</name>
        <id>T107</id>
        <lesson_id>A105</lesson_id>
        <lesson_id>B105</lesson_id>
        <lesson_id>C105</lesson_id>
        <max_daily_hours>5</max_daily_hours>
        <max_per_week_hours>15</max_per_week_hours>
    </Teacher>
    <Teacher>
        <name>TEACHER_CHE_BIO8</name>
        <id>T108</id>
        <lesson_id>B106</lesson_id>
        <lesson_id>C106</lesson_id>
        <lesson_id>A107</lesson_id>
        <lesson_id>B107</lesson_id>
        <lesson_id>C107</lesson_id>
        <max_daily_hours>5</max_daily_hours>
        <max_per_week_hours>15</max_per_week_hours>
    </Teacher>
    <Teacher>
        <name>TEACHER_HOUECO_HIST_SOED9</name>
        <id>T109</id>
        <lesson_id>A109</lesson_id>
        <lesson_id>A110</lesson_id>
        <lesson_id>B110</lesson_id>
        <lesson_id>C110</lesson_id>
        <lesson_id>C111</lesson_id>
        <max_daily_hours>5</max_daily_hours>
        <max_per_week_hours>21</max_per_week_hours>
    </Teacher>
    <Teacher>
        <name>TEACHER_HOUECO_HIST_SOED10</name>
        <id>T110</id>
        <lesson_id>A109</lesson_id>
        <lesson_id>A110</lesson_id>
        <lesson_id>B110</lesson_id>
        <lesson_id>C110</lesson_id>
        <lesson_id>C111</lesson_id>
        <max_daily_hours>5</max_daily_hours>
        <max_per_week_hours>21</max_per_week_hours>
    </Teacher>
    <Teacher>
        <name>TEACHER_RELED11</name>
        <id>T111</id>
        <lesson_id>A112</lesson_id>
        <lesson_id>B112</lesson_id>
        <lesson_id>C112</lesson_id>
        <max_daily_hours>5</max_daily_hours>
        <max_per_week_hours>18</max_per_week_hours>
    </Teacher>
    <Teacher>
        <name>TEACHER_ENG12</name>
        <id>T112</id>
        <lesson_id>A113</lesson_id>
        <lesson_id>B113</lesson_id>
        <lesson_id>C113</lesson_id>
        <max_daily_hours>5</max_daily_hours>
        <max_per_week_hours>18</max_per_week_hours>
    </Teacher>
    <Teacher>
        <name>TEACHER_FREN13</name>
        <id>T113</id>
        <lesson_id>A114</lesson_id>
        <lesson_id>B114</lesson_id>
        <lesson_id>C114</lesson_id>
        <max_daily_hours>5</max_daily_hours>
        <max_per_week_hours>18</max_per_week_hours>
    </Teacher>
    <Teacher>
        <name>TEACHER_PHYED14</name>
        <id>T114</id>
        <lesson_id>A115</lesson_id>
        <lesson_id>B115</lesson_id>
        <lesson_id>C115</lesson_id>
        <max_daily_hours>5</max_daily_hours>
        <max_per_week_hours>18</max_per_week_hours>
    </Teacher>
    <Teacher>
        <name>TEACHER_TECH_O15</name>
        <id>T115</id>
        <lesson_id>A116</lesson_id>
        <lesson_id>B116</lesson_id>
        <lesson_id>C116</lesson_id>
        <lesson_id>A117</lesson_id>
        <lesson_id>B117</lesson_id>
        <lesson_id>C117</lesson_id>
        <max_daily_hours>5</max_daily_hours>
        <max_per_week_hours>18</max_per_week_hours>
    </Teacher>
    <Teacher>
        <name>TEACHER_MUS_ART16</name>
        <id>T116</id>
        <lesson_id>A118</lesson_id>
        <lesson_id>B118</lesson_id>
        <lesson_id>C118</lesson_id>
        <lesson_id>A119</lesson_id>
        <lesson_id>B119</lesson_id>
        <lesson_id>C119</lesson_id>
        <max_daily_hours>5</max_daily_hours>
        <max_per_week_hours>18</max_per_week_hours>
    </Teacher>
</Teachers>
